username,password
user001,AJhFpBdm
user002,8FtLAkxh
user003,Zzk6z1iE
user004,FQSkX91q
user005,u8fSqOuq
user006,hg09pJQs
user007,bvHmkdX5
user008,6ZNQrPTY
user009,QhIcFjX5
user010,7lKRfLmz
user011,3n7wHyCk
user012,FIaXbXll
user013,2Gpu6Pg3
user014,kxOKK37Y
user015,iKSQ0eIk
user016,J0w4VXmr
user017,WnDeug2K
user018,C8ubs93Z
user019,exdCXn2c
user020,ykoyR3g7
user021,YXFHRtpT
user022,TkxXYIDR
user023,2W8uJVeQ
user024,PXUYq3rs
user025,HKDOMred
user026,yIzVSlzs
user027,dgheHEWJ
user028,Vs7Sa2I7
user029,A0pU7q5C
user030,P1iK247U
user031,PKOg6oZi
user032,KTwbEgcB
user033,BsPYjvI0
user034,YDxHJ6TL
user035,smAmDDxG
user036,a4FxHGZH
user037,L9iYTOB8
user038,3ASkpUrg
user039,GAFypiXP
user040,Ty5SFsNM
user041,ztvCTaSx
user042,2qCAlRUV
user043,ev7OQrPj
user044,zODo2Zlw
user045,63RnKgys
user046,FpjhqfoT
user047,tOGrtyqA
user048,2QqLyZ71
user049,0Sop83MV
user050,p6EdTUkQ
user051,tGfXL4gl
user052,CShKR4WC
user053,BPBrL3aT
user054,eo76D2R7
user055,MfKgXcMS
user056,TmJKExsd
user057,pJuk620i
user058,Zpd0pIt2
user059,jrBUdRDM
user060,e3bmbxNo
user061,EKI2PCAT
user062,pyvmYzYW
user063,msha3vw2
user064,UBYY1HVz
user065,dgRoKFXU
user066,qpmPgHFb
user067,MlwpgIXJ
user068,Hh4o6wcR
user069,kBRT9H3W
user070,fbLzRx6I
user071,FGI37fgb
user072,9reVVZm5
user073,EIC4TbnF
user074,S9PmIjr5
user075,6xIk7aYE
user076,CRhwyuiq
user077,A7gi78bf
user078,XeQNJsVs
user079,GeLbdUxG
user080,9PsXeK8b
user081,upW2omRo
user082,R6aem80c
user083,bScH7A6e
user084,oujAXXwg
user085,ADY9tMSr
user086,bTzGBdSG
user087,8dduBCfO
user088,SEjM63rO
user089,hTkp5TS3
user090,sFIqdXzv
user091,Ei7szN92
user092,rmcowDCW
user093,D7wWOmOI
user094,azLgLZLn
user095,fG02jRQv
user096,8YCoRuFU
user097,C6Jah2ET
user098,vuCr9DJq
user099,JPBjc8fo
user100,4fOU4M9j
lArry,123456
